,input,label
0,/home/pedram/caffe/models/testing-fcn-for-cityscapes/leftImg8bit_trainvaltest/leftImg8bit/train/aachen/aachen_000000_000019_leftImg8bit.png,/home/pedram/caffe/models/testing-fcn-for-cityscapes/gtFine_trainvaltest/gtFine/train/aachen/aachen_000000_000019_gtFine_labelIds.png
1,/home/pedram/caffe/models/testing-fcn-for-cityscapes/leftImg8bit_trainvaltest/leftImg8bit/train/aachen/aachen_000001_000019_leftImg8bit.png,/home/pedram/caffe/models/testing-fcn-for-cityscapes/gtFine_trainvaltest/gtFine/train/aachen/aachen_000001_000019_gtFine_labelIds.png
2,/home/pedram/caffe/models/testing-fcn-for-cityscapes/leftImg8bit_trainvaltest/leftImg8bit/train/aachen/aachen_000002_000019_leftImg8bit.png,/home/pedram/caffe/models/testing-fcn-for-cityscapes/gtFine_trainvaltest/gtFine/train/aachen/aachen_000002_000019_gtFine_labelIds.png
3,/home/pedram/caffe/models/testing-fcn-for-cityscapes/leftImg8bit_trainvaltest/leftImg8bit/train/aachen/aachen_000003_000019_leftImg8bit.png,/home/pedram/caffe/models/testing-fcn-for-cityscapes/gtFine_trainvaltest/gtFine/train/aachen/aachen_000003_000019_gtFine_labelIds.png
4,/home/pedram/caffe/models/testing-fcn-for-cityscapes/leftImg8bit_trainvaltest/leftImg8bit/train/aachen/aachen_000004_000019_leftImg8bit.png,/home/pedram/caffe/models/testing-fcn-for-cityscapes/gtFine_trainvaltest/gtFine/train/aachen/aachen_000004_000019_gtFine_labelIds.png
5,/home/pedram/caffe/models/testing-fcn-for-cityscapes/leftImg8bit_trainvaltest/leftImg8bit/train/aachen/aachen_000005_000019_leftImg8bit.png,/home/pedram/caffe/models/testing-fcn-for-cityscapes/gtFine_trainvaltest/gtFine/train/aachen/aachen_000005_000019_gtFine_labelIds.png
6,/home/pedram/caffe/models/testing-fcn-for-cityscapes/leftImg8bit_trainvaltest/leftImg8bit/train/aachen/aachen_000006_000019_leftImg8bit.png,/home/pedram/caffe/models/testing-fcn-for-cityscapes/gtFine_trainvaltest/gtFine/train/aachen/aachen_000006_000019_gtFine_labelIds.png
7,/home/pedram/caffe/models/testing-fcn-for-cityscapes/leftImg8bit_trainvaltest/leftImg8bit/train/aachen/aachen_000007_000019_leftImg8bit.png,/home/pedram/caffe/models/testing-fcn-for-cityscapes/gtFine_trainvaltest/gtFine/train/aachen/aachen_000007_000019_gtFine_labelIds.png
8,/home/pedram/caffe/models/testing-fcn-for-cityscapes/leftImg8bit_trainvaltest/leftImg8bit/train/aachen/aachen_000008_000019_leftImg8bit.png,/home/pedram/caffe/models/testing-fcn-for-cityscapes/gtFine_trainvaltest/gtFine/train/aachen/aachen_000008_000019_gtFine_labelIds.png
9,/home/pedram/caffe/models/testing-fcn-for-cityscapes/leftImg8bit_trainvaltest/leftImg8bit/train/aachen/aachen_000009_000019_leftImg8bit.png,/home/pedram/caffe/models/testing-fcn-for-cityscapes/gtFine_trainvaltest/gtFine/train/aachen/aachen_000009_000019_gtFine_labelIds.png
10,/home/pedram/caffe/models/testing-fcn-for-cityscapes/leftImg8bit_trainvaltest/leftImg8bit/train/aachen/aachen_000010_000019_leftImg8bit.png,/home/pedram/caffe/models/testing-fcn-for-cityscapes/gtFine_trainvaltest/gtFine/train/aachen/aachen_000010_000019_gtFine_labelIds.png
11,/home/pedram/caffe/models/testing-fcn-for-cityscapes/leftImg8bit_trainvaltest/leftImg8bit/train/aachen/aachen_000011_000019_leftImg8bit.png,/home/pedram/caffe/models/testing-fcn-for-cityscapes/gtFine_trainvaltest/gtFine/train/aachen/aachen_000011_000019_gtFine_labelIds.png
12,/home/pedram/caffe/models/testing-fcn-for-cityscapes/leftImg8bit_trainvaltest/leftImg8bit/train/aachen/aachen_000012_000019_leftImg8bit.png,/home/pedram/caffe/models/testing-fcn-for-cityscapes/gtFine_trainvaltest/gtFine/train/aachen/aachen_000012_000019_gtFine_labelIds.png
13,/home/pedram/caffe/models/testing-fcn-for-cityscapes/leftImg8bit_trainvaltest/leftImg8bit/train/aachen/aachen_000013_000019_leftImg8bit.png,/home/pedram/caffe/models/testing-fcn-for-cityscapes/gtFine_trainvaltest/gtFine/train/aachen/aachen_000013_000019_gtFine_labelIds.png
14,/home/pedram/caffe/models/testing-fcn-for-cityscapes/leftImg8bit_trainvaltest/leftImg8bit/train/aachen/aachen_000014_000019_leftImg8bit.png,/home/pedram/caffe/models/testing-fcn-for-cityscapes/gtFine_trainvaltest/gtFine/train/aachen/aachen_000014_000019_gtFine_labelIds.png
15,/home/pedram/caffe/models/testing-fcn-for-cityscapes/leftImg8bit_trainvaltest/leftImg8bit/train/aachen/aachen_000015_000019_leftImg8bit.png,/home/pedram/caffe/models/testing-fcn-for-cityscapes/gtFine_trainvaltest/gtFine/train/aachen/aachen_000015_000019_gtFine_labelIds.png
16,/home/pedram/caffe/models/testing-fcn-for-cityscapes/leftImg8bit_trainvaltest/leftImg8bit/train/aachen/aachen_000016_000019_leftImg8bit.png,/home/pedram/caffe/models/testing-fcn-for-cityscapes/gtFine_trainvaltest/gtFine/train/aachen/aachen_000016_000019_gtFine_labelIds.png
17,/home/pedram/caffe/models/testing-fcn-for-cityscapes/leftImg8bit_trainvaltest/leftImg8bit/train/aachen/aachen_000017_000019_leftImg8bit.png,/home/pedram/caffe/models/testing-fcn-for-cityscapes/gtFine_trainvaltest/gtFine/train/aachen/aachen_000017_000019_gtFine_labelIds.png
18,/home/pedram/caffe/models/testing-fcn-for-cityscapes/leftImg8bit_trainvaltest/leftImg8bit/train/aachen/aachen_000018_000019_leftImg8bit.png,/home/pedram/caffe/models/testing-fcn-for-cityscapes/gtFine_trainvaltest/gtFine/train/aachen/aachen_000018_000019_gtFine_labelIds.png
19,/home/pedram/caffe/models/testing-fcn-for-cityscapes/leftImg8bit_trainvaltest/leftImg8bit/train/aachen/aachen_000019_000019_leftImg8bit.png,/home/pedram/caffe/models/testing-fcn-for-cityscapes/gtFine_trainvaltest/gtFine/train/aachen/aachen_000019_000019_gtFine_labelIds.png
20,/home/pedram/caffe/models/testing-fcn-for-cityscapes/leftImg8bit_trainvaltest/leftImg8bit/train/aachen/aachen_000020_000019_leftImg8bit.png,/home/pedram/caffe/models/testing-fcn-for-cityscapes/gtFine_trainvaltest/gtFine/train/aachen/aachen_000020_000019_gtFine_labelIds.png
21,/home/pedram/caffe/models/testing-fcn-for-cityscapes/leftImg8bit_trainvaltest/leftImg8bit/train/aachen/aachen_000021_000019_leftImg8bit.png,/home/pedram/caffe/models/testing-fcn-for-cityscapes/gtFine_trainvaltest/gtFine/train/aachen/aachen_000021_000019_gtFine_labelIds.png
22,/home/pedram/caffe/models/testing-fcn-for-cityscapes/leftImg8bit_trainvaltest/leftImg8bit/train/aachen/aachen_000022_000019_leftImg8bit.png,/home/pedram/caffe/models/testing-fcn-for-cityscapes/gtFine_trainvaltest/gtFine/train/aachen/aachen_000022_000019_gtFine_labelIds.png
23,/home/pedram/caffe/models/testing-fcn-for-cityscapes/leftImg8bit_trainvaltest/leftImg8bit/train/aachen/aachen_000023_000019_leftImg8bit.png,/home/pedram/caffe/models/testing-fcn-for-cityscapes/gtFine_trainvaltest/gtFine/train/aachen/aachen_000023_000019_gtFine_labelIds.png
24,/home/pedram/caffe/models/testing-fcn-for-cityscapes/leftImg8bit_trainvaltest/leftImg8bit/train/aachen/aachen_000024_000019_leftImg8bit.png,/home/pedram/caffe/models/testing-fcn-for-cityscapes/gtFine_trainvaltest/gtFine/train/aachen/aachen_000024_000019_gtFine_labelIds.png
25,/home/pedram/caffe/models/testing-fcn-for-cityscapes/leftImg8bit_trainvaltest/leftImg8bit/train/aachen/aachen_000025_000019_leftImg8bit.png,/home/pedram/caffe/models/testing-fcn-for-cityscapes/gtFine_trainvaltest/gtFine/train/aachen/aachen_000025_000019_gtFine_labelIds.png
26,/home/pedram/caffe/models/testing-fcn-for-cityscapes/leftImg8bit_trainvaltest/leftImg8bit/train/aachen/aachen_000026_000019_leftImg8bit.png,/home/pedram/caffe/models/testing-fcn-for-cityscapes/gtFine_trainvaltest/gtFine/train/aachen/aachen_000026_000019_gtFine_labelIds.png
27,/home/pedram/caffe/models/testing-fcn-for-cityscapes/leftImg8bit_trainvaltest/leftImg8bit/train/aachen/aachen_000027_000019_leftImg8bit.png,/home/pedram/caffe/models/testing-fcn-for-cityscapes/gtFine_trainvaltest/gtFine/train/aachen/aachen_000027_000019_gtFine_labelIds.png
28,/home/pedram/caffe/models/testing-fcn-for-cityscapes/leftImg8bit_trainvaltest/leftImg8bit/train/aachen/aachen_000028_000019_leftImg8bit.png,/home/pedram/caffe/models/testing-fcn-for-cityscapes/gtFine_trainvaltest/gtFine/train/aachen/aachen_000028_000019_gtFine_labelIds.png
29,/home/pedram/caffe/models/testing-fcn-for-cityscapes/leftImg8bit_trainvaltest/leftImg8bit/train/aachen/aachen_000029_000019_leftImg8bit.png,/home/pedram/caffe/models/testing-fcn-for-cityscapes/gtFine_trainvaltest/gtFine/train/aachen/aachen_000029_000019_gtFine_labelIds.png
30,/home/pedram/caffe/models/testing-fcn-for-cityscapes/leftImg8bit_trainvaltest/leftImg8bit/train/aachen/aachen_000030_000019_leftImg8bit.png,/home/pedram/caffe/models/testing-fcn-for-cityscapes/gtFine_trainvaltest/gtFine/train/aachen/aachen_000030_000019_gtFine_labelIds.png
31,/home/pedram/caffe/models/testing-fcn-for-cityscapes/leftImg8bit_trainvaltest/leftImg8bit/train/aachen/aachen_000031_000019_leftImg8bit.png,/home/pedram/caffe/models/testing-fcn-for-cityscapes/gtFine_trainvaltest/gtFine/train/aachen/aachen_000031_000019_gtFine_labelIds.png
32,/home/pedram/caffe/models/testing-fcn-for-cityscapes/leftImg8bit_trainvaltest/leftImg8bit/train/aachen/aachen_000032_000019_leftImg8bit.png,/home/pedram/caffe/models/testing-fcn-for-cityscapes/gtFine_trainvaltest/gtFine/train/aachen/aachen_000032_000019_gtFine_labelIds.png
33,/home/pedram/caffe/models/testing-fcn-for-cityscapes/leftImg8bit_trainvaltest/leftImg8bit/train/aachen/aachen_000033_000019_leftImg8bit.png,/home/pedram/caffe/models/testing-fcn-for-cityscapes/gtFine_trainvaltest/gtFine/train/aachen/aachen_000033_000019_gtFine_labelIds.png
34,/home/pedram/caffe/models/testing-fcn-for-cityscapes/leftImg8bit_trainvaltest/leftImg8bit/train/aachen/aachen_000034_000019_leftImg8bit.png,/home/pedram/caffe/models/testing-fcn-for-cityscapes/gtFine_trainvaltest/gtFine/train/aachen/aachen_000034_000019_gtFine_labelIds.png
35,/home/pedram/caffe/models/testing-fcn-for-cityscapes/leftImg8bit_trainvaltest/leftImg8bit/train/aachen/aachen_000035_000019_leftImg8bit.png,/home/pedram/caffe/models/testing-fcn-for-cityscapes/gtFine_trainvaltest/gtFine/train/aachen/aachen_000035_000019_gtFine_labelIds.png
36,/home/pedram/caffe/models/testing-fcn-for-cityscapes/leftImg8bit_trainvaltest/leftImg8bit/train/aachen/aachen_000036_000019_leftImg8bit.png,/home/pedram/caffe/models/testing-fcn-for-cityscapes/gtFine_trainvaltest/gtFine/train/aachen/aachen_000036_000019_gtFine_labelIds.png
37,/home/pedram/caffe/models/testing-fcn-for-cityscapes/leftImg8bit_trainvaltest/leftImg8bit/train/aachen/aachen_000037_000019_leftImg8bit.png,/home/pedram/caffe/models/testing-fcn-for-cityscapes/gtFine_trainvaltest/gtFine/train/aachen/aachen_000037_000019_gtFine_labelIds.png
38,/home/pedram/caffe/models/testing-fcn-for-cityscapes/leftImg8bit_trainvaltest/leftImg8bit/train/aachen/aachen_000038_000019_leftImg8bit.png,/home/pedram/caffe/models/testing-fcn-for-cityscapes/gtFine_trainvaltest/gtFine/train/aachen/aachen_000038_000019_gtFine_labelIds.png
39,/home/pedram/caffe/models/testing-fcn-for-cityscapes/leftImg8bit_trainvaltest/leftImg8bit/train/aachen/aachen_000039_000019_leftImg8bit.png,/home/pedram/caffe/models/testing-fcn-for-cityscapes/gtFine_trainvaltest/gtFine/train/aachen/aachen_000039_000019_gtFine_labelIds.png
40,/home/pedram/caffe/models/testing-fcn-for-cityscapes/leftImg8bit_trainvaltest/leftImg8bit/train/aachen/aachen_000040_000019_leftImg8bit.png,/home/pedram/caffe/models/testing-fcn-for-cityscapes/gtFine_trainvaltest/gtFine/train/aachen/aachen_000040_000019_gtFine_labelIds.png
41,/home/pedram/caffe/models/testing-fcn-for-cityscapes/leftImg8bit_trainvaltest/leftImg8bit/train/aachen/aachen_000041_000019_leftImg8bit.png,/home/pedram/caffe/models/testing-fcn-for-cityscapes/gtFine_trainvaltest/gtFine/train/aachen/aachen_000041_000019_gtFine_labelIds.png
42,/home/pedram/caffe/models/testing-fcn-for-cityscapes/leftImg8bit_trainvaltest/leftImg8bit/train/aachen/aachen_000042_000019_leftImg8bit.png,/home/pedram/caffe/models/testing-fcn-for-cityscapes/gtFine_trainvaltest/gtFine/train/aachen/aachen_000042_000019_gtFine_labelIds.png
43,/home/pedram/caffe/models/testing-fcn-for-cityscapes/leftImg8bit_trainvaltest/leftImg8bit/train/aachen/aachen_000043_000019_leftImg8bit.png,/home/pedram/caffe/models/testing-fcn-for-cityscapes/gtFine_trainvaltest/gtFine/train/aachen/aachen_000043_000019_gtFine_labelIds.png
44,/home/pedram/caffe/models/testing-fcn-for-cityscapes/leftImg8bit_trainvaltest/leftImg8bit/train/aachen/aachen_000044_000019_leftImg8bit.png,/home/pedram/caffe/models/testing-fcn-for-cityscapes/gtFine_trainvaltest/gtFine/train/aachen/aachen_000044_000019_gtFine_labelIds.png
45,/home/pedram/caffe/models/testing-fcn-for-cityscapes/leftImg8bit_trainvaltest/leftImg8bit/train/aachen/aachen_000045_000019_leftImg8bit.png,/home/pedram/caffe/models/testing-fcn-for-cityscapes/gtFine_trainvaltest/gtFine/train/aachen/aachen_000045_000019_gtFine_labelIds.png
46,/home/pedram/caffe/models/testing-fcn-for-cityscapes/leftImg8bit_trainvaltest/leftImg8bit/train/aachen/aachen_000046_000019_leftImg8bit.png,/home/pedram/caffe/models/testing-fcn-for-cityscapes/gtFine_trainvaltest/gtFine/train/aachen/aachen_000046_000019_gtFine_labelIds.png
47,/home/pedram/caffe/models/testing-fcn-for-cityscapes/leftImg8bit_trainvaltest/leftImg8bit/train/aachen/aachen_000047_000019_leftImg8bit.png,/home/pedram/caffe/models/testing-fcn-for-cityscapes/gtFine_trainvaltest/gtFine/train/aachen/aachen_000047_000019_gtFine_labelIds.png
48,/home/pedram/caffe/models/testing-fcn-for-cityscapes/leftImg8bit_trainvaltest/leftImg8bit/train/aachen/aachen_000048_000019_leftImg8bit.png,/home/pedram/caffe/models/testing-fcn-for-cityscapes/gtFine_trainvaltest/gtFine/train/aachen/aachen_000048_000019_gtFine_labelIds.png
49,/home/pedram/caffe/models/testing-fcn-for-cityscapes/leftImg8bit_trainvaltest/leftImg8bit/train/aachen/aachen_000049_000019_leftImg8bit.png,/home/pedram/caffe/models/testing-fcn-for-cityscapes/gtFine_trainvaltest/gtFine/train/aachen/aachen_000049_000019_gtFine_labelIds.png
50,/home/pedram/caffe/models/testing-fcn-for-cityscapes/leftImg8bit_trainvaltest/leftImg8bit/train/aachen/aachen_000050_000019_leftImg8bit.png,/home/pedram/caffe/models/testing-fcn-for-cityscapes/gtFine_trainvaltest/gtFine/train/aachen/aachen_000050_000019_gtFine_labelIds.png
51,/home/pedram/caffe/models/testing-fcn-for-cityscapes/leftImg8bit_trainvaltest/leftImg8bit/train/aachen/aachen_000051_000019_leftImg8bit.png,/home/pedram/caffe/models/testing-fcn-for-cityscapes/gtFine_trainvaltest/gtFine/train/aachen/aachen_000051_000019_gtFine_labelIds.png
52,/home/pedram/caffe/models/testing-fcn-for-cityscapes/leftImg8bit_trainvaltest/leftImg8bit/train/aachen/aachen_000052_000019_leftImg8bit.png,/home/pedram/caffe/models/testing-fcn-for-cityscapes/gtFine_trainvaltest/gtFine/train/aachen/aachen_000052_000019_gtFine_labelIds.png
53,/home/pedram/caffe/models/testing-fcn-for-cityscapes/leftImg8bit_trainvaltest/leftImg8bit/train/aachen/aachen_000053_000019_leftImg8bit.png,/home/pedram/caffe/models/testing-fcn-for-cityscapes/gtFine_trainvaltest/gtFine/train/aachen/aachen_000053_000019_gtFine_labelIds.png
54,/home/pedram/caffe/models/testing-fcn-for-cityscapes/leftImg8bit_trainvaltest/leftImg8bit/train/aachen/aachen_000054_000019_leftImg8bit.png,/home/pedram/caffe/models/testing-fcn-for-cityscapes/gtFine_trainvaltest/gtFine/train/aachen/aachen_000054_000019_gtFine_labelIds.png
55,/home/pedram/caffe/models/testing-fcn-for-cityscapes/leftImg8bit_trainvaltest/leftImg8bit/train/aachen/aachen_000055_000019_leftImg8bit.png,/home/pedram/caffe/models/testing-fcn-for-cityscapes/gtFine_trainvaltest/gtFine/train/aachen/aachen_000055_000019_gtFine_labelIds.png
56,/home/pedram/caffe/models/testing-fcn-for-cityscapes/leftImg8bit_trainvaltest/leftImg8bit/train/aachen/aachen_000056_000019_leftImg8bit.png,/home/pedram/caffe/models/testing-fcn-for-cityscapes/gtFine_trainvaltest/gtFine/train/aachen/aachen_000056_000019_gtFine_labelIds.png
57,/home/pedram/caffe/models/testing-fcn-for-cityscapes/leftImg8bit_trainvaltest/leftImg8bit/train/aachen/aachen_000057_000019_leftImg8bit.png,/home/pedram/caffe/models/testing-fcn-for-cityscapes/gtFine_trainvaltest/gtFine/train/aachen/aachen_000057_000019_gtFine_labelIds.png
58,/home/pedram/caffe/models/testing-fcn-for-cityscapes/leftImg8bit_trainvaltest/leftImg8bit/train/aachen/aachen_000058_000019_leftImg8bit.png,/home/pedram/caffe/models/testing-fcn-for-cityscapes/gtFine_trainvaltest/gtFine/train/aachen/aachen_000058_000019_gtFine_labelIds.png
59,/home/pedram/caffe/models/testing-fcn-for-cityscapes/leftImg8bit_trainvaltest/leftImg8bit/train/aachen/aachen_000059_000019_leftImg8bit.png,/home/pedram/caffe/models/testing-fcn-for-cityscapes/gtFine_trainvaltest/gtFine/train/aachen/aachen_000059_000019_gtFine_labelIds.png
60,/home/pedram/caffe/models/testing-fcn-for-cityscapes/leftImg8bit_trainvaltest/leftImg8bit/train/aachen/aachen_000060_000019_leftImg8bit.png,/home/pedram/caffe/models/testing-fcn-for-cityscapes/gtFine_trainvaltest/gtFine/train/aachen/aachen_000060_000019_gtFine_labelIds.png
61,/home/pedram/caffe/models/testing-fcn-for-cityscapes/leftImg8bit_trainvaltest/leftImg8bit/train/aachen/aachen_000061_000019_leftImg8bit.png,/home/pedram/caffe/models/testing-fcn-for-cityscapes/gtFine_trainvaltest/gtFine/train/aachen/aachen_000061_000019_gtFine_labelIds.png
62,/home/pedram/caffe/models/testing-fcn-for-cityscapes/leftImg8bit_trainvaltest/leftImg8bit/train/aachen/aachen_000062_000019_leftImg8bit.png,/home/pedram/caffe/models/testing-fcn-for-cityscapes/gtFine_trainvaltest/gtFine/train/aachen/aachen_000062_000019_gtFine_labelIds.png
63,/home/pedram/caffe/models/testing-fcn-for-cityscapes/leftImg8bit_trainvaltest/leftImg8bit/train/aachen/aachen_000063_000019_leftImg8bit.png,/home/pedram/caffe/models/testing-fcn-for-cityscapes/gtFine_trainvaltest/gtFine/train/aachen/aachen_000063_000019_gtFine_labelIds.png
64,/home/pedram/caffe/models/testing-fcn-for-cityscapes/leftImg8bit_trainvaltest/leftImg8bit/train/aachen/aachen_000064_000019_leftImg8bit.png,/home/pedram/caffe/models/testing-fcn-for-cityscapes/gtFine_trainvaltest/gtFine/train/aachen/aachen_000064_000019_gtFine_labelIds.png
65,/home/pedram/caffe/models/testing-fcn-for-cityscapes/leftImg8bit_trainvaltest/leftImg8bit/train/aachen/aachen_000065_000019_leftImg8bit.png,/home/pedram/caffe/models/testing-fcn-for-cityscapes/gtFine_trainvaltest/gtFine/train/aachen/aachen_000065_000019_gtFine_labelIds.png
66,/home/pedram/caffe/models/testing-fcn-for-cityscapes/leftImg8bit_trainvaltest/leftImg8bit/train/aachen/aachen_000066_000019_leftImg8bit.png,/home/pedram/caffe/models/testing-fcn-for-cityscapes/gtFine_trainvaltest/gtFine/train/aachen/aachen_000066_000019_gtFine_labelIds.png
67,/home/pedram/caffe/models/testing-fcn-for-cityscapes/leftImg8bit_trainvaltest/leftImg8bit/train/aachen/aachen_000067_000019_leftImg8bit.png,/home/pedram/caffe/models/testing-fcn-for-cityscapes/gtFine_trainvaltest/gtFine/train/aachen/aachen_000067_000019_gtFine_labelIds.png
68,/home/pedram/caffe/models/testing-fcn-for-cityscapes/leftImg8bit_trainvaltest/leftImg8bit/train/aachen/aachen_000068_000019_leftImg8bit.png,/home/pedram/caffe/models/testing-fcn-for-cityscapes/gtFine_trainvaltest/gtFine/train/aachen/aachen_000068_000019_gtFine_labelIds.png
69,/home/pedram/caffe/models/testing-fcn-for-cityscapes/leftImg8bit_trainvaltest/leftImg8bit/train/aachen/aachen_000069_000019_leftImg8bit.png,/home/pedram/caffe/models/testing-fcn-for-cityscapes/gtFine_trainvaltest/gtFine/train/aachen/aachen_000069_000019_gtFine_labelIds.png
70,/home/pedram/caffe/models/testing-fcn-for-cityscapes/leftImg8bit_trainvaltest/leftImg8bit/train/aachen/aachen_000070_000019_leftImg8bit.png,/home/pedram/caffe/models/testing-fcn-for-cityscapes/gtFine_trainvaltest/gtFine/train/aachen/aachen_000070_000019_gtFine_labelIds.png
71,/home/pedram/caffe/models/testing-fcn-for-cityscapes/leftImg8bit_trainvaltest/leftImg8bit/train/aachen/aachen_000071_000019_leftImg8bit.png,/home/pedram/caffe/models/testing-fcn-for-cityscapes/gtFine_trainvaltest/gtFine/train/aachen/aachen_000071_000019_gtFine_labelIds.png
72,/home/pedram/caffe/models/testing-fcn-for-cityscapes/leftImg8bit_trainvaltest/leftImg8bit/train/aachen/aachen_000072_000019_leftImg8bit.png,/home/pedram/caffe/models/testing-fcn-for-cityscapes/gtFine_trainvaltest/gtFine/train/aachen/aachen_000072_000019_gtFine_labelIds.png
73,/home/pedram/caffe/models/testing-fcn-for-cityscapes/leftImg8bit_trainvaltest/leftImg8bit/train/aachen/aachen_000073_000019_leftImg8bit.png,/home/pedram/caffe/models/testing-fcn-for-cityscapes/gtFine_trainvaltest/gtFine/train/aachen/aachen_000073_000019_gtFine_labelIds.png
74,/home/pedram/caffe/models/testing-fcn-for-cityscapes/leftImg8bit_trainvaltest/leftImg8bit/train/aachen/aachen_000074_000019_leftImg8bit.png,/home/pedram/caffe/models/testing-fcn-for-cityscapes/gtFine_trainvaltest/gtFine/train/aachen/aachen_000074_000019_gtFine_labelIds.png
75,/home/pedram/caffe/models/testing-fcn-for-cityscapes/leftImg8bit_trainvaltest/leftImg8bit/train/aachen/aachen_000075_000019_leftImg8bit.png,/home/pedram/caffe/models/testing-fcn-for-cityscapes/gtFine_trainvaltest/gtFine/train/aachen/aachen_000075_000019_gtFine_labelIds.png
76,/home/pedram/caffe/models/testing-fcn-for-cityscapes/leftImg8bit_trainvaltest/leftImg8bit/train/aachen/aachen_000076_000019_leftImg8bit.png,/home/pedram/caffe/models/testing-fcn-for-cityscapes/gtFine_trainvaltest/gtFine/train/aachen/aachen_000076_000019_gtFine_labelIds.png
77,/home/pedram/caffe/models/testing-fcn-for-cityscapes/leftImg8bit_trainvaltest/leftImg8bit/train/aachen/aachen_000077_000019_leftImg8bit.png,/home/pedram/caffe/models/testing-fcn-for-cityscapes/gtFine_trainvaltest/gtFine/train/aachen/aachen_000077_000019_gtFine_labelIds.png
78,/home/pedram/caffe/models/testing-fcn-for-cityscapes/leftImg8bit_trainvaltest/leftImg8bit/train/aachen/aachen_000078_000019_leftImg8bit.png,/home/pedram/caffe/models/testing-fcn-for-cityscapes/gtFine_trainvaltest/gtFine/train/aachen/aachen_000078_000019_gtFine_labelIds.png
79,/home/pedram/caffe/models/testing-fcn-for-cityscapes/leftImg8bit_trainvaltest/leftImg8bit/train/aachen/aachen_000079_000019_leftImg8bit.png,/home/pedram/caffe/models/testing-fcn-for-cityscapes/gtFine_trainvaltest/gtFine/train/aachen/aachen_000079_000019_gtFine_labelIds.png
80,/home/pedram/caffe/models/testing-fcn-for-cityscapes/leftImg8bit_trainvaltest/leftImg8bit/train/aachen/aachen_000080_000019_leftImg8bit.png,/home/pedram/caffe/models/testing-fcn-for-cityscapes/gtFine_trainvaltest/gtFine/train/aachen/aachen_000080_000019_gtFine_labelIds.png
81,/home/pedram/caffe/models/testing-fcn-for-cityscapes/leftImg8bit_trainvaltest/leftImg8bit/train/aachen/aachen_000081_000019_leftImg8bit.png,/home/pedram/caffe/models/testing-fcn-for-cityscapes/gtFine_trainvaltest/gtFine/train/aachen/aachen_000081_000019_gtFine_labelIds.png
82,/home/pedram/caffe/models/testing-fcn-for-cityscapes/leftImg8bit_trainvaltest/leftImg8bit/train/aachen/aachen_000082_000019_leftImg8bit.png,/home/pedram/caffe/models/testing-fcn-for-cityscapes/gtFine_trainvaltest/gtFine/train/aachen/aachen_000082_000019_gtFine_labelIds.png
83,/home/pedram/caffe/models/testing-fcn-for-cityscapes/leftImg8bit_trainvaltest/leftImg8bit/train/aachen/aachen_000083_000019_leftImg8bit.png,/home/pedram/caffe/models/testing-fcn-for-cityscapes/gtFine_trainvaltest/gtFine/train/aachen/aachen_000083_000019_gtFine_labelIds.png
84,/home/pedram/caffe/models/testing-fcn-for-cityscapes/leftImg8bit_trainvaltest/leftImg8bit/train/aachen/aachen_000084_000019_leftImg8bit.png,/home/pedram/caffe/models/testing-fcn-for-cityscapes/gtFine_trainvaltest/gtFine/train/aachen/aachen_000084_000019_gtFine_labelIds.png
85,/home/pedram/caffe/models/testing-fcn-for-cityscapes/leftImg8bit_trainvaltest/leftImg8bit/train/aachen/aachen_000085_000019_leftImg8bit.png,/home/pedram/caffe/models/testing-fcn-for-cityscapes/gtFine_trainvaltest/gtFine/train/aachen/aachen_000085_000019_gtFine_labelIds.png
86,/home/pedram/caffe/models/testing-fcn-for-cityscapes/leftImg8bit_trainvaltest/leftImg8bit/train/aachen/aachen_000086_000019_leftImg8bit.png,/home/pedram/caffe/models/testing-fcn-for-cityscapes/gtFine_trainvaltest/gtFine/train/aachen/aachen_000086_000019_gtFine_labelIds.png
87,/home/pedram/caffe/models/testing-fcn-for-cityscapes/leftImg8bit_trainvaltest/leftImg8bit/train/aachen/aachen_000087_000019_leftImg8bit.png,/home/pedram/caffe/models/testing-fcn-for-cityscapes/gtFine_trainvaltest/gtFine/train/aachen/aachen_000087_000019_gtFine_labelIds.png
88,/home/pedram/caffe/models/testing-fcn-for-cityscapes/leftImg8bit_trainvaltest/leftImg8bit/train/aachen/aachen_000088_000019_leftImg8bit.png,/home/pedram/caffe/models/testing-fcn-for-cityscapes/gtFine_trainvaltest/gtFine/train/aachen/aachen_000088_000019_gtFine_labelIds.png
89,/home/pedram/caffe/models/testing-fcn-for-cityscapes/leftImg8bit_trainvaltest/leftImg8bit/train/aachen/aachen_000089_000019_leftImg8bit.png,/home/pedram/caffe/models/testing-fcn-for-cityscapes/gtFine_trainvaltest/gtFine/train/aachen/aachen_000089_000019_gtFine_labelIds.png
90,/home/pedram/caffe/models/testing-fcn-for-cityscapes/leftImg8bit_trainvaltest/leftImg8bit/train/aachen/aachen_000090_000019_leftImg8bit.png,/home/pedram/caffe/models/testing-fcn-for-cityscapes/gtFine_trainvaltest/gtFine/train/aachen/aachen_000090_000019_gtFine_labelIds.png
91,/home/pedram/caffe/models/testing-fcn-for-cityscapes/leftImg8bit_trainvaltest/leftImg8bit/train/aachen/aachen_000091_000019_leftImg8bit.png,/home/pedram/caffe/models/testing-fcn-for-cityscapes/gtFine_trainvaltest/gtFine/train/aachen/aachen_000091_000019_gtFine_labelIds.png
92,/home/pedram/caffe/models/testing-fcn-for-cityscapes/leftImg8bit_trainvaltest/leftImg8bit/train/aachen/aachen_000092_000019_leftImg8bit.png,/home/pedram/caffe/models/testing-fcn-for-cityscapes/gtFine_trainvaltest/gtFine/train/aachen/aachen_000092_000019_gtFine_labelIds.png
93,/home/pedram/caffe/models/testing-fcn-for-cityscapes/leftImg8bit_trainvaltest/leftImg8bit/train/aachen/aachen_000093_000019_leftImg8bit.png,/home/pedram/caffe/models/testing-fcn-for-cityscapes/gtFine_trainvaltest/gtFine/train/aachen/aachen_000093_000019_gtFine_labelIds.png
94,/home/pedram/caffe/models/testing-fcn-for-cityscapes/leftImg8bit_trainvaltest/leftImg8bit/train/aachen/aachen_000094_000019_leftImg8bit.png,/home/pedram/caffe/models/testing-fcn-for-cityscapes/gtFine_trainvaltest/gtFine/train/aachen/aachen_000094_000019_gtFine_labelIds.png
95,/home/pedram/caffe/models/testing-fcn-for-cityscapes/leftImg8bit_trainvaltest/leftImg8bit/train/aachen/aachen_000095_000019_leftImg8bit.png,/home/pedram/caffe/models/testing-fcn-for-cityscapes/gtFine_trainvaltest/gtFine/train/aachen/aachen_000095_000019_gtFine_labelIds.png
96,/home/pedram/caffe/models/testing-fcn-for-cityscapes/leftImg8bit_trainvaltest/leftImg8bit/train/aachen/aachen_000096_000019_leftImg8bit.png,/home/pedram/caffe/models/testing-fcn-for-cityscapes/gtFine_trainvaltest/gtFine/train/aachen/aachen_000096_000019_gtFine_labelIds.png
97,/home/pedram/caffe/models/testing-fcn-for-cityscapes/leftImg8bit_trainvaltest/leftImg8bit/train/aachen/aachen_000097_000019_leftImg8bit.png,/home/pedram/caffe/models/testing-fcn-for-cityscapes/gtFine_trainvaltest/gtFine/train/aachen/aachen_000097_000019_gtFine_labelIds.png
98,/home/pedram/caffe/models/testing-fcn-for-cityscapes/leftImg8bit_trainvaltest/leftImg8bit/train/aachen/aachen_000098_000019_leftImg8bit.png,/home/pedram/caffe/models/testing-fcn-for-cityscapes/gtFine_trainvaltest/gtFine/train/aachen/aachen_000098_000019_gtFine_labelIds.png
99,/home/pedram/caffe/models/testing-fcn-for-cityscapes/leftImg8bit_trainvaltest/leftImg8bit/train/aachen/aachen_000099_000019_leftImg8bit.png,/home/pedram/caffe/models/testing-fcn-for-cityscapes/gtFine_trainvaltest/gtFine/train/aachen/aachen_000099_000019_gtFine_labelIds.png
100,/home/pedram/caffe/models/testing-fcn-for-cityscapes/leftImg8bit_trainvaltest/leftImg8bit/train/aachen/aachen_000100_000019_leftImg8bit.png,/home/pedram/caffe/models/testing-fcn-for-cityscapes/gtFine_trainvaltest/gtFine/train/aachen/aachen_000100_000019_gtFine_labelIds.png
101,/home/pedram/caffe/models/testing-fcn-for-cityscapes/leftImg8bit_trainvaltest/leftImg8bit/train/aachen/aachen_000101_000019_leftImg8bit.png,/home/pedram/caffe/models/testing-fcn-for-cityscapes/gtFine_trainvaltest/gtFine/train/aachen/aachen_000101_000019_gtFine_labelIds.png
102,/home/pedram/caffe/models/testing-fcn-for-cityscapes/leftImg8bit_trainvaltest/leftImg8bit/train/aachen/aachen_000102_000019_leftImg8bit.png,/home/pedram/caffe/models/testing-fcn-for-cityscapes/gtFine_trainvaltest/gtFine/train/aachen/aachen_000102_000019_gtFine_labelIds.png
103,/home/pedram/caffe/models/testing-fcn-for-cityscapes/leftImg8bit_trainvaltest/leftImg8bit/train/aachen/aachen_000103_000019_leftImg8bit.png,/home/pedram/caffe/models/testing-fcn-for-cityscapes/gtFine_trainvaltest/gtFine/train/aachen/aachen_000103_000019_gtFine_labelIds.png
104,/home/pedram/caffe/models/testing-fcn-for-cityscapes/leftImg8bit_trainvaltest/leftImg8bit/train/aachen/aachen_000104_000019_leftImg8bit.png,/home/pedram/caffe/models/testing-fcn-for-cityscapes/gtFine_trainvaltest/gtFine/train/aachen/aachen_000104_000019_gtFine_labelIds.png
105,/home/pedram/caffe/models/testing-fcn-for-cityscapes/leftImg8bit_trainvaltest/leftImg8bit/train/aachen/aachen_000105_000019_leftImg8bit.png,/home/pedram/caffe/models/testing-fcn-for-cityscapes/gtFine_trainvaltest/gtFine/train/aachen/aachen_000105_000019_gtFine_labelIds.png
106,/home/pedram/caffe/models/testing-fcn-for-cityscapes/leftImg8bit_trainvaltest/leftImg8bit/train/aachen/aachen_000106_000019_leftImg8bit.png,/home/pedram/caffe/models/testing-fcn-for-cityscapes/gtFine_trainvaltest/gtFine/train/aachen/aachen_000106_000019_gtFine_labelIds.png
107,/home/pedram/caffe/models/testing-fcn-for-cityscapes/leftImg8bit_trainvaltest/leftImg8bit/train/aachen/aachen_000107_000019_leftImg8bit.png,/home/pedram/caffe/models/testing-fcn-for-cityscapes/gtFine_trainvaltest/gtFine/train/aachen/aachen_000107_000019_gtFine_labelIds.png
108,/home/pedram/caffe/models/testing-fcn-for-cityscapes/leftImg8bit_trainvaltest/leftImg8bit/train/aachen/aachen_000108_000019_leftImg8bit.png,/home/pedram/caffe/models/testing-fcn-for-cityscapes/gtFine_trainvaltest/gtFine/train/aachen/aachen_000108_000019_gtFine_labelIds.png
109,/home/pedram/caffe/models/testing-fcn-for-cityscapes/leftImg8bit_trainvaltest/leftImg8bit/train/aachen/aachen_000109_000019_leftImg8bit.png,/home/pedram/caffe/models/testing-fcn-for-cityscapes/gtFine_trainvaltest/gtFine/train/aachen/aachen_000109_000019_gtFine_labelIds.png
110,/home/pedram/caffe/models/testing-fcn-for-cityscapes/leftImg8bit_trainvaltest/leftImg8bit/train/aachen/aachen_000110_000019_leftImg8bit.png,/home/pedram/caffe/models/testing-fcn-for-cityscapes/gtFine_trainvaltest/gtFine/train/aachen/aachen_000110_000019_gtFine_labelIds.png
111,/home/pedram/caffe/models/testing-fcn-for-cityscapes/leftImg8bit_trainvaltest/leftImg8bit/train/aachen/aachen_000111_000019_leftImg8bit.png,/home/pedram/caffe/models/testing-fcn-for-cityscapes/gtFine_trainvaltest/gtFine/train/aachen/aachen_000111_000019_gtFine_labelIds.png
112,/home/pedram/caffe/models/testing-fcn-for-cityscapes/leftImg8bit_trainvaltest/leftImg8bit/train/aachen/aachen_000112_000019_leftImg8bit.png,/home/pedram/caffe/models/testing-fcn-for-cityscapes/gtFine_trainvaltest/gtFine/train/aachen/aachen_000112_000019_gtFine_labelIds.png
113,/home/pedram/caffe/models/testing-fcn-for-cityscapes/leftImg8bit_trainvaltest/leftImg8bit/train/aachen/aachen_000113_000019_leftImg8bit.png,/home/pedram/caffe/models/testing-fcn-for-cityscapes/gtFine_trainvaltest/gtFine/train/aachen/aachen_000113_000019_gtFine_labelIds.png
114,/home/pedram/caffe/models/testing-fcn-for-cityscapes/leftImg8bit_trainvaltest/leftImg8bit/train/aachen/aachen_000114_000019_leftImg8bit.png,/home/pedram/caffe/models/testing-fcn-for-cityscapes/gtFine_trainvaltest/gtFine/train/aachen/aachen_000114_000019_gtFine_labelIds.png
115,/home/pedram/caffe/models/testing-fcn-for-cityscapes/leftImg8bit_trainvaltest/leftImg8bit/train/aachen/aachen_000115_000019_leftImg8bit.png,/home/pedram/caffe/models/testing-fcn-for-cityscapes/gtFine_trainvaltest/gtFine/train/aachen/aachen_000115_000019_gtFine_labelIds.png
116,/home/pedram/caffe/models/testing-fcn-for-cityscapes/leftImg8bit_trainvaltest/leftImg8bit/train/aachen/aachen_000116_000019_leftImg8bit.png,/home/pedram/caffe/models/testing-fcn-for-cityscapes/gtFine_trainvaltest/gtFine/train/aachen/aachen_000116_000019_gtFine_labelIds.png
117,/home/pedram/caffe/models/testing-fcn-for-cityscapes/leftImg8bit_trainvaltest/leftImg8bit/train/aachen/aachen_000117_000019_leftImg8bit.png,/home/pedram/caffe/models/testing-fcn-for-cityscapes/gtFine_trainvaltest/gtFine/train/aachen/aachen_000117_000019_gtFine_labelIds.png
118,/home/pedram/caffe/models/testing-fcn-for-cityscapes/leftImg8bit_trainvaltest/leftImg8bit/train/aachen/aachen_000118_000019_leftImg8bit.png,/home/pedram/caffe/models/testing-fcn-for-cityscapes/gtFine_trainvaltest/gtFine/train/aachen/aachen_000118_000019_gtFine_labelIds.png
119,/home/pedram/caffe/models/testing-fcn-for-cityscapes/leftImg8bit_trainvaltest/leftImg8bit/train/aachen/aachen_000119_000019_leftImg8bit.png,/home/pedram/caffe/models/testing-fcn-for-cityscapes/gtFine_trainvaltest/gtFine/train/aachen/aachen_000119_000019_gtFine_labelIds.png
120,/home/pedram/caffe/models/testing-fcn-for-cityscapes/leftImg8bit_trainvaltest/leftImg8bit/train/aachen/aachen_000120_000019_leftImg8bit.png,/home/pedram/caffe/models/testing-fcn-for-cityscapes/gtFine_trainvaltest/gtFine/train/aachen/aachen_000120_000019_gtFine_labelIds.png
121,/home/pedram/caffe/models/testing-fcn-for-cityscapes/leftImg8bit_trainvaltest/leftImg8bit/train/aachen/aachen_000121_000019_leftImg8bit.png,/home/pedram/caffe/models/testing-fcn-for-cityscapes/gtFine_trainvaltest/gtFine/train/aachen/aachen_000121_000019_gtFine_labelIds.png
122,/home/pedram/caffe/models/testing-fcn-for-cityscapes/leftImg8bit_trainvaltest/leftImg8bit/train/aachen/aachen_000122_000019_leftImg8bit.png,/home/pedram/caffe/models/testing-fcn-for-cityscapes/gtFine_trainvaltest/gtFine/train/aachen/aachen_000122_000019_gtFine_labelIds.png
123,/home/pedram/caffe/models/testing-fcn-for-cityscapes/leftImg8bit_trainvaltest/leftImg8bit/train/aachen/aachen_000123_000019_leftImg8bit.png,/home/pedram/caffe/models/testing-fcn-for-cityscapes/gtFine_trainvaltest/gtFine/train/aachen/aachen_000123_000019_gtFine_labelIds.png
124,/home/pedram/caffe/models/testing-fcn-for-cityscapes/leftImg8bit_trainvaltest/leftImg8bit/train/aachen/aachen_000124_000019_leftImg8bit.png,/home/pedram/caffe/models/testing-fcn-for-cityscapes/gtFine_trainvaltest/gtFine/train/aachen/aachen_000124_000019_gtFine_labelIds.png
125,/home/pedram/caffe/models/testing-fcn-for-cityscapes/leftImg8bit_trainvaltest/leftImg8bit/train/aachen/aachen_000125_000019_leftImg8bit.png,/home/pedram/caffe/models/testing-fcn-for-cityscapes/gtFine_trainvaltest/gtFine/train/aachen/aachen_000125_000019_gtFine_labelIds.png
126,/home/pedram/caffe/models/testing-fcn-for-cityscapes/leftImg8bit_trainvaltest/leftImg8bit/train/aachen/aachen_000126_000019_leftImg8bit.png,/home/pedram/caffe/models/testing-fcn-for-cityscapes/gtFine_trainvaltest/gtFine/train/aachen/aachen_000126_000019_gtFine_labelIds.png
127,/home/pedram/caffe/models/testing-fcn-for-cityscapes/leftImg8bit_trainvaltest/leftImg8bit/train/aachen/aachen_000127_000019_leftImg8bit.png,/home/pedram/caffe/models/testing-fcn-for-cityscapes/gtFine_trainvaltest/gtFine/train/aachen/aachen_000127_000019_gtFine_labelIds.png
128,/home/pedram/caffe/models/testing-fcn-for-cityscapes/leftImg8bit_trainvaltest/leftImg8bit/train/aachen/aachen_000128_000019_leftImg8bit.png,/home/pedram/caffe/models/testing-fcn-for-cityscapes/gtFine_trainvaltest/gtFine/train/aachen/aachen_000128_000019_gtFine_labelIds.png
129,/home/pedram/caffe/models/testing-fcn-for-cityscapes/leftImg8bit_trainvaltest/leftImg8bit/train/aachen/aachen_000129_000019_leftImg8bit.png,/home/pedram/caffe/models/testing-fcn-for-cityscapes/gtFine_trainvaltest/gtFine/train/aachen/aachen_000129_000019_gtFine_labelIds.png
130,/home/pedram/caffe/models/testing-fcn-for-cityscapes/leftImg8bit_trainvaltest/leftImg8bit/train/aachen/aachen_000130_000019_leftImg8bit.png,/home/pedram/caffe/models/testing-fcn-for-cityscapes/gtFine_trainvaltest/gtFine/train/aachen/aachen_000130_000019_gtFine_labelIds.png
131,/home/pedram/caffe/models/testing-fcn-for-cityscapes/leftImg8bit_trainvaltest/leftImg8bit/train/aachen/aachen_000131_000019_leftImg8bit.png,/home/pedram/caffe/models/testing-fcn-for-cityscapes/gtFine_trainvaltest/gtFine/train/aachen/aachen_000131_000019_gtFine_labelIds.png
132,/home/pedram/caffe/models/testing-fcn-for-cityscapes/leftImg8bit_trainvaltest/leftImg8bit/train/aachen/aachen_000132_000019_leftImg8bit.png,/home/pedram/caffe/models/testing-fcn-for-cityscapes/gtFine_trainvaltest/gtFine/train/aachen/aachen_000132_000019_gtFine_labelIds.png
133,/home/pedram/caffe/models/testing-fcn-for-cityscapes/leftImg8bit_trainvaltest/leftImg8bit/train/aachen/aachen_000133_000019_leftImg8bit.png,/home/pedram/caffe/models/testing-fcn-for-cityscapes/gtFine_trainvaltest/gtFine/train/aachen/aachen_000133_000019_gtFine_labelIds.png
134,/home/pedram/caffe/models/testing-fcn-for-cityscapes/leftImg8bit_trainvaltest/leftImg8bit/train/aachen/aachen_000134_000019_leftImg8bit.png,/home/pedram/caffe/models/testing-fcn-for-cityscapes/gtFine_trainvaltest/gtFine/train/aachen/aachen_000134_000019_gtFine_labelIds.png
135,/home/pedram/caffe/models/testing-fcn-for-cityscapes/leftImg8bit_trainvaltest/leftImg8bit/train/aachen/aachen_000135_000019_leftImg8bit.png,/home/pedram/caffe/models/testing-fcn-for-cityscapes/gtFine_trainvaltest/gtFine/train/aachen/aachen_000135_000019_gtFine_labelIds.png
136,/home/pedram/caffe/models/testing-fcn-for-cityscapes/leftImg8bit_trainvaltest/leftImg8bit/train/aachen/aachen_000136_000019_leftImg8bit.png,/home/pedram/caffe/models/testing-fcn-for-cityscapes/gtFine_trainvaltest/gtFine/train/aachen/aachen_000136_000019_gtFine_labelIds.png
137,/home/pedram/caffe/models/testing-fcn-for-cityscapes/leftImg8bit_trainvaltest/leftImg8bit/train/aachen/aachen_000137_000019_leftImg8bit.png,/home/pedram/caffe/models/testing-fcn-for-cityscapes/gtFine_trainvaltest/gtFine/train/aachen/aachen_000137_000019_gtFine_labelIds.png
138,/home/pedram/caffe/models/testing-fcn-for-cityscapes/leftImg8bit_trainvaltest/leftImg8bit/train/aachen/aachen_000138_000019_leftImg8bit.png,/home/pedram/caffe/models/testing-fcn-for-cityscapes/gtFine_trainvaltest/gtFine/train/aachen/aachen_000138_000019_gtFine_labelIds.png
139,/home/pedram/caffe/models/testing-fcn-for-cityscapes/leftImg8bit_trainvaltest/leftImg8bit/train/aachen/aachen_000139_000019_leftImg8bit.png,/home/pedram/caffe/models/testing-fcn-for-cityscapes/gtFine_trainvaltest/gtFine/train/aachen/aachen_000139_000019_gtFine_labelIds.png
140,/home/pedram/caffe/models/testing-fcn-for-cityscapes/leftImg8bit_trainvaltest/leftImg8bit/train/aachen/aachen_000140_000019_leftImg8bit.png,/home/pedram/caffe/models/testing-fcn-for-cityscapes/gtFine_trainvaltest/gtFine/train/aachen/aachen_000140_000019_gtFine_labelIds.png
141,/home/pedram/caffe/models/testing-fcn-for-cityscapes/leftImg8bit_trainvaltest/leftImg8bit/train/aachen/aachen_000141_000019_leftImg8bit.png,/home/pedram/caffe/models/testing-fcn-for-cityscapes/gtFine_trainvaltest/gtFine/train/aachen/aachen_000141_000019_gtFine_labelIds.png
142,/home/pedram/caffe/models/testing-fcn-for-cityscapes/leftImg8bit_trainvaltest/leftImg8bit/train/aachen/aachen_000142_000019_leftImg8bit.png,/home/pedram/caffe/models/testing-fcn-for-cityscapes/gtFine_trainvaltest/gtFine/train/aachen/aachen_000142_000019_gtFine_labelIds.png
143,/home/pedram/caffe/models/testing-fcn-for-cityscapes/leftImg8bit_trainvaltest/leftImg8bit/train/aachen/aachen_000143_000019_leftImg8bit.png,/home/pedram/caffe/models/testing-fcn-for-cityscapes/gtFine_trainvaltest/gtFine/train/aachen/aachen_000143_000019_gtFine_labelIds.png
144,/home/pedram/caffe/models/testing-fcn-for-cityscapes/leftImg8bit_trainvaltest/leftImg8bit/train/aachen/aachen_000144_000019_leftImg8bit.png,/home/pedram/caffe/models/testing-fcn-for-cityscapes/gtFine_trainvaltest/gtFine/train/aachen/aachen_000144_000019_gtFine_labelIds.png
145,/home/pedram/caffe/models/testing-fcn-for-cityscapes/leftImg8bit_trainvaltest/leftImg8bit/train/aachen/aachen_000145_000019_leftImg8bit.png,/home/pedram/caffe/models/testing-fcn-for-cityscapes/gtFine_trainvaltest/gtFine/train/aachen/aachen_000145_000019_gtFine_labelIds.png
146,/home/pedram/caffe/models/testing-fcn-for-cityscapes/leftImg8bit_trainvaltest/leftImg8bit/train/aachen/aachen_000146_000019_leftImg8bit.png,/home/pedram/caffe/models/testing-fcn-for-cityscapes/gtFine_trainvaltest/gtFine/train/aachen/aachen_000146_000019_gtFine_labelIds.png
147,/home/pedram/caffe/models/testing-fcn-for-cityscapes/leftImg8bit_trainvaltest/leftImg8bit/train/aachen/aachen_000147_000019_leftImg8bit.png,/home/pedram/caffe/models/testing-fcn-for-cityscapes/gtFine_trainvaltest/gtFine/train/aachen/aachen_000147_000019_gtFine_labelIds.png
148,/home/pedram/caffe/models/testing-fcn-for-cityscapes/leftImg8bit_trainvaltest/leftImg8bit/train/aachen/aachen_000148_000019_leftImg8bit.png,/home/pedram/caffe/models/testing-fcn-for-cityscapes/gtFine_trainvaltest/gtFine/train/aachen/aachen_000148_000019_gtFine_labelIds.png
149,/home/pedram/caffe/models/testing-fcn-for-cityscapes/leftImg8bit_trainvaltest/leftImg8bit/train/aachen/aachen_000149_000019_leftImg8bit.png,/home/pedram/caffe/models/testing-fcn-for-cityscapes/gtFine_trainvaltest/gtFine/train/aachen/aachen_000149_000019_gtFine_labelIds.png
150,/home/pedram/caffe/models/testing-fcn-for-cityscapes/leftImg8bit_trainvaltest/leftImg8bit/train/aachen/aachen_000150_000019_leftImg8bit.png,/home/pedram/caffe/models/testing-fcn-for-cityscapes/gtFine_trainvaltest/gtFine/train/aachen/aachen_000150_000019_gtFine_labelIds.png
151,/home/pedram/caffe/models/testing-fcn-for-cityscapes/leftImg8bit_trainvaltest/leftImg8bit/train/aachen/aachen_000151_000019_leftImg8bit.png,/home/pedram/caffe/models/testing-fcn-for-cityscapes/gtFine_trainvaltest/gtFine/train/aachen/aachen_000151_000019_gtFine_labelIds.png
152,/home/pedram/caffe/models/testing-fcn-for-cityscapes/leftImg8bit_trainvaltest/leftImg8bit/train/aachen/aachen_000152_000019_leftImg8bit.png,/home/pedram/caffe/models/testing-fcn-for-cityscapes/gtFine_trainvaltest/gtFine/train/aachen/aachen_000152_000019_gtFine_labelIds.png
153,/home/pedram/caffe/models/testing-fcn-for-cityscapes/leftImg8bit_trainvaltest/leftImg8bit/train/aachen/aachen_000153_000019_leftImg8bit.png,/home/pedram/caffe/models/testing-fcn-for-cityscapes/gtFine_trainvaltest/gtFine/train/aachen/aachen_000153_000019_gtFine_labelIds.png
154,/home/pedram/caffe/models/testing-fcn-for-cityscapes/leftImg8bit_trainvaltest/leftImg8bit/train/aachen/aachen_000154_000019_leftImg8bit.png,/home/pedram/caffe/models/testing-fcn-for-cityscapes/gtFine_trainvaltest/gtFine/train/aachen/aachen_000154_000019_gtFine_labelIds.png
155,/home/pedram/caffe/models/testing-fcn-for-cityscapes/leftImg8bit_trainvaltest/leftImg8bit/train/aachen/aachen_000155_000019_leftImg8bit.png,/home/pedram/caffe/models/testing-fcn-for-cityscapes/gtFine_trainvaltest/gtFine/train/aachen/aachen_000155_000019_gtFine_labelIds.png
156,/home/pedram/caffe/models/testing-fcn-for-cityscapes/leftImg8bit_trainvaltest/leftImg8bit/train/aachen/aachen_000156_000019_leftImg8bit.png,/home/pedram/caffe/models/testing-fcn-for-cityscapes/gtFine_trainvaltest/gtFine/train/aachen/aachen_000156_000019_gtFine_labelIds.png
157,/home/pedram/caffe/models/testing-fcn-for-cityscapes/leftImg8bit_trainvaltest/leftImg8bit/train/aachen/aachen_000157_000019_leftImg8bit.png,/home/pedram/caffe/models/testing-fcn-for-cityscapes/gtFine_trainvaltest/gtFine/train/aachen/aachen_000157_000019_gtFine_labelIds.png
158,/home/pedram/caffe/models/testing-fcn-for-cityscapes/leftImg8bit_trainvaltest/leftImg8bit/train/aachen/aachen_000158_000019_leftImg8bit.png,/home/pedram/caffe/models/testing-fcn-for-cityscapes/gtFine_trainvaltest/gtFine/train/aachen/aachen_000158_000019_gtFine_labelIds.png
159,/home/pedram/caffe/models/testing-fcn-for-cityscapes/leftImg8bit_trainvaltest/leftImg8bit/train/aachen/aachen_000159_000019_leftImg8bit.png,/home/pedram/caffe/models/testing-fcn-for-cityscapes/gtFine_trainvaltest/gtFine/train/aachen/aachen_000159_000019_gtFine_labelIds.png
160,/home/pedram/caffe/models/testing-fcn-for-cityscapes/leftImg8bit_trainvaltest/leftImg8bit/train/aachen/aachen_000160_000019_leftImg8bit.png,/home/pedram/caffe/models/testing-fcn-for-cityscapes/gtFine_trainvaltest/gtFine/train/aachen/aachen_000160_000019_gtFine_labelIds.png
161,/home/pedram/caffe/models/testing-fcn-for-cityscapes/leftImg8bit_trainvaltest/leftImg8bit/train/aachen/aachen_000161_000019_leftImg8bit.png,/home/pedram/caffe/models/testing-fcn-for-cityscapes/gtFine_trainvaltest/gtFine/train/aachen/aachen_000161_000019_gtFine_labelIds.png
162,/home/pedram/caffe/models/testing-fcn-for-cityscapes/leftImg8bit_trainvaltest/leftImg8bit/train/aachen/aachen_000162_000019_leftImg8bit.png,/home/pedram/caffe/models/testing-fcn-for-cityscapes/gtFine_trainvaltest/gtFine/train/aachen/aachen_000162_000019_gtFine_labelIds.png
163,/home/pedram/caffe/models/testing-fcn-for-cityscapes/leftImg8bit_trainvaltest/leftImg8bit/train/aachen/aachen_000163_000019_leftImg8bit.png,/home/pedram/caffe/models/testing-fcn-for-cityscapes/gtFine_trainvaltest/gtFine/train/aachen/aachen_000163_000019_gtFine_labelIds.png
164,/home/pedram/caffe/models/testing-fcn-for-cityscapes/leftImg8bit_trainvaltest/leftImg8bit/train/aachen/aachen_000164_000019_leftImg8bit.png,/home/pedram/caffe/models/testing-fcn-for-cityscapes/gtFine_trainvaltest/gtFine/train/aachen/aachen_000164_000019_gtFine_labelIds.png
165,/home/pedram/caffe/models/testing-fcn-for-cityscapes/leftImg8bit_trainvaltest/leftImg8bit/train/aachen/aachen_000165_000019_leftImg8bit.png,/home/pedram/caffe/models/testing-fcn-for-cityscapes/gtFine_trainvaltest/gtFine/train/aachen/aachen_000165_000019_gtFine_labelIds.png
166,/home/pedram/caffe/models/testing-fcn-for-cityscapes/leftImg8bit_trainvaltest/leftImg8bit/train/aachen/aachen_000166_000019_leftImg8bit.png,/home/pedram/caffe/models/testing-fcn-for-cityscapes/gtFine_trainvaltest/gtFine/train/aachen/aachen_000166_000019_gtFine_labelIds.png
167,/home/pedram/caffe/models/testing-fcn-for-cityscapes/leftImg8bit_trainvaltest/leftImg8bit/train/aachen/aachen_000167_000019_leftImg8bit.png,/home/pedram/caffe/models/testing-fcn-for-cityscapes/gtFine_trainvaltest/gtFine/train/aachen/aachen_000167_000019_gtFine_labelIds.png
168,/home/pedram/caffe/models/testing-fcn-for-cityscapes/leftImg8bit_trainvaltest/leftImg8bit/train/aachen/aachen_000168_000019_leftImg8bit.png,/home/pedram/caffe/models/testing-fcn-for-cityscapes/gtFine_trainvaltest/gtFine/train/aachen/aachen_000168_000019_gtFine_labelIds.png
169,/home/pedram/caffe/models/testing-fcn-for-cityscapes/leftImg8bit_trainvaltest/leftImg8bit/train/aachen/aachen_000169_000019_leftImg8bit.png,/home/pedram/caffe/models/testing-fcn-for-cityscapes/gtFine_trainvaltest/gtFine/train/aachen/aachen_000169_000019_gtFine_labelIds.png
170,/home/pedram/caffe/models/testing-fcn-for-cityscapes/leftImg8bit_trainvaltest/leftImg8bit/train/aachen/aachen_000170_000019_leftImg8bit.png,/home/pedram/caffe/models/testing-fcn-for-cityscapes/gtFine_trainvaltest/gtFine/train/aachen/aachen_000170_000019_gtFine_labelIds.png
171,/home/pedram/caffe/models/testing-fcn-for-cityscapes/leftImg8bit_trainvaltest/leftImg8bit/train/aachen/aachen_000171_000019_leftImg8bit.png,/home/pedram/caffe/models/testing-fcn-for-cityscapes/gtFine_trainvaltest/gtFine/train/aachen/aachen_000171_000019_gtFine_labelIds.png
172,/home/pedram/caffe/models/testing-fcn-for-cityscapes/leftImg8bit_trainvaltest/leftImg8bit/train/aachen/aachen_000172_000019_leftImg8bit.png,/home/pedram/caffe/models/testing-fcn-for-cityscapes/gtFine_trainvaltest/gtFine/train/aachen/aachen_000172_000019_gtFine_labelIds.png
173,/home/pedram/caffe/models/testing-fcn-for-cityscapes/leftImg8bit_trainvaltest/leftImg8bit/train/aachen/aachen_000173_000019_leftImg8bit.png,/home/pedram/caffe/models/testing-fcn-for-cityscapes/gtFine_trainvaltest/gtFine/train/aachen/aachen_000173_000019_gtFine_labelIds.png
